Id,Prediction
0,193
1,189
2,108
3,147
4,174
5,147
6,132
7,41
8,86
9,180
10,138
11,168
12,45
13,51
14,22
15,111
16,179
17,130
18,74
19,176
20,45
21,102
22,35
23,82
24,133
25,68
26,130
27,150
28,120
29,35
30,22
31,75
32,23
33,121
34,195
35,176
36,167
37,39
38,162
39,38
40,158
41,121
42,36
43,38
44,0
45,195
46,174
47,150
48,67
49,67
50,175
51,6
52,0
53,105
54,120
55,151
56,31
57,59
58,123
59,66
60,152
61,103
62,157
63,2
64,0
65,80
66,160
67,15
68,30
69,65
70,195
71,89
72,116
73,48
74,147
75,165
76,83
77,140
78,93
79,160
80,161
81,125
82,156
83,193
84,73
85,76
86,198
87,38
88,13
89,162
90,174
91,99
92,150
93,2
94,138
95,190
96,36
97,118
98,173
99,81
100,52
101,115
102,4
103,183
104,36
105,87
106,151
107,123
108,28
109,50
110,148
111,34
112,70
113,119
114,161
115,87
116,174
117,84
118,71
119,27
120,32
121,87
122,185
123,47
124,149
125,149
126,137
127,173
128,76
129,55
130,198
131,100
132,98
133,161
134,138
135,35
136,113
137,178
138,146
139,57
140,72
141,20
142,87
143,151
144,24
145,107
146,185
147,119
148,149
149,0
150,112
151,82
152,13
153,172
154,177
155,133
156,93
157,51
158,82
159,84
160,181
161,194
162,23
163,50
164,114
165,198
166,66
167,112
168,38
169,101
170,53
171,147
172,162
173,24
174,6
175,12
176,133
177,91
178,18
179,53
180,42
181,126
182,106
183,24
184,1
185,31
186,185
187,130
188,7
189,197
190,172
191,95
192,7
193,84
194,23
195,52
196,3
197,185
198,21
199,36
200,191
201,30
202,30
203,11
204,42
205,31
206,190
207,189
208,59
209,95
210,81
211,3
212,45
213,88
214,132
215,114
216,162
217,105
218,34
219,66
220,165
221,189
222,86
223,157
224,141
225,179
226,44
227,40
228,147
229,60
230,80
231,42
232,148
233,33
234,164
235,155
236,121
237,50
238,52
239,27
240,70
241,197
242,147
243,135
244,109
245,176
246,14
247,55
248,152
249,155
250,111
251,6
252,50
253,21
254,5
255,80
256,5
257,0
258,105
259,47
260,142
261,52
262,182
263,58
264,165
265,108
266,45
267,155
268,171
269,80
270,19
271,108
272,38
273,89
274,115
275,106
276,190
277,95
278,56
279,63
280,152
281,78
282,36
283,42
284,76
285,131
286,80
287,126
288,50
289,2
290,74
291,14
292,107
293,185
294,97
295,116
296,24
297,62
298,20
299,5
300,80
301,172
302,150
303,73
304,78
305,160
306,84
307,76
308,45
309,31
310,110
311,149
312,136
313,33
314,5
315,52
316,86
317,187
318,106
319,146
320,143
321,45
322,81
323,29
324,27
325,24
326,132
327,128
328,149
329,149
330,198
331,0
332,11
333,140
334,113
335,161
336,151
337,193
338,130
339,108
340,53
341,132
342,73
343,19
344,76
345,138
346,137
347,56
348,100
349,71
350,70
351,102
352,99
353,59
354,14
355,137
356,171
357,160
358,47
359,153
360,75
361,69
362,137
363,111
364,151
365,40
366,35
367,38
368,28
369,156
370,12
371,112
372,159
373,157
374,81
375,142
376,108
377,90
378,182
379,149
380,94
381,48
382,52
383,137
384,153
385,135
386,91
387,35
388,38
389,158
390,113
391,193
392,190
393,32
394,89
395,178
396,165
397,191
398,22
399,176
400,76
401,112
402,30
403,182
404,157
405,164
406,72
407,102
408,153
409,85
410,34
411,6
412,160
413,110
414,22
415,41
416,13
417,168
418,192
419,143
420,36
421,98
422,45
423,3
424,65
425,97
426,77
427,86
428,131
429,91
430,24
431,107
432,27
433,16
434,101
435,50
436,32
437,155
438,66
439,9
440,65
441,123
442,128
443,21
444,83
445,57
446,169
447,96
448,150
449,30
450,30
451,130
452,183
453,39
454,35
455,194
456,48
457,23
458,93
459,198
460,36
461,51
462,48
463,4
464,1
465,114
466,199
467,147
468,132
469,180
470,181
471,1
472,34
473,38
474,198
475,156
476,109
477,140
478,18
479,10
480,53
481,117
482,65
483,95
484,5
485,71
486,19
487,172
488,185
489,102
490,122
491,91
492,192
493,122
494,77
495,30
496,169
497,73
498,40
499,162
500,89
501,130
502,191
503,80
504,161
505,105
506,9
507,118
508,64
509,45
510,162
511,59
512,120
513,125
514,85
515,169
516,144
517,157
518,46
519,197
520,125
521,38
522,64
523,152
524,176
525,151
526,40
527,23
528,28
529,81
530,67
531,146
532,20
533,16
534,98
535,19
536,149
537,176
538,83
539,159
540,186
541,18
542,136
543,76
544,12
545,111
546,179
547,58
548,84
549,54
550,161
551,108
552,86
553,59
554,11
555,31
556,98
557,24
558,0
559,193
560,132
561,59
562,197
563,190
564,38
565,169
566,136
567,57
568,31
569,195
570,27
571,96
572,25
573,150
574,175
575,79
576,108
577,27
578,126
579,102
580,172
581,148
582,70
583,89
584,107
585,96
586,182
587,112
588,97
589,149
590,189
591,88
592,123
593,112
594,32
595,166
596,64
597,46
598,8
599,10
600,196
601,27
602,171
603,178
604,74
605,102
606,179
607,82
608,185
609,124
610,14
611,66
612,21
613,93
614,112
615,140
616,167
617,22
618,72
619,112
620,62
621,16
622,148
623,182
624,151
625,147
626,56
627,183
628,197
629,80
630,65
631,125
632,66
633,173
634,38
635,174
636,96
637,55
638,151
639,162
640,184
641,165
642,11
643,88
644,45
645,147
646,193
647,59
648,187
649,83
650,199
651,37
652,98
653,100
654,65
655,56
656,174
657,71
658,42
659,185
660,136
661,133
662,53
663,99
664,73
665,133
666,152
667,199
668,31
669,182
670,6
671,155
672,88
673,155
674,96
675,167
676,194
677,52
678,26
679,7
680,15
681,175
682,11
683,187
684,181
685,38
686,41
687,113
688,157
689,144
690,77
691,33
692,119
693,3
694,84
695,138
696,109
697,100
698,187
699,174
700,32
701,7
702,27
703,172
704,107
705,142
706,124
707,59
708,159
709,187
710,6
711,138
712,116
713,153
714,72
715,94
716,167
717,155
718,41
719,67
720,122
721,111
722,113
723,44
724,140
725,151
726,113
727,34
728,167
729,48
730,120
731,133
732,164
733,31
734,119
735,123
736,35
737,6
738,111
739,158
740,38
741,34
742,76
743,118
744,3
745,116
746,8
747,198
748,53
749,84
750,164
751,81
752,105
753,175
754,83
755,3
756,48
757,118
758,178
759,7
760,153
761,49
762,17
763,193
764,45
765,40
766,185
767,160
768,130
769,198
770,155
771,105
772,20
773,172
774,120
775,177
776,7
777,115
778,88
779,191
780,182
781,50
782,73
783,54
784,176
785,24
786,72
787,20
788,72
789,16
790,9
791,193
792,92
793,138
794,15
795,35
796,153
797,175
798,41
799,117
800,88
801,139
802,65
803,53
804,191
805,11
806,118
807,0
808,85
809,171
810,3
811,59
812,13
813,130
814,160
815,194
816,115
817,36
818,119
819,15
820,85
821,74
822,126
823,161
824,105
825,167
826,113
827,137
828,161
829,12
830,173
831,1
832,128
833,175
834,6
835,30
836,81
837,175
838,27
839,47
840,13
841,186
842,12
843,79
844,65
845,31
846,88
847,1
848,133
849,103
850,153
851,169
852,30
853,175
854,186
855,96
856,67
857,42
858,190
859,29
860,199
861,56
862,34
863,190
864,33
865,115
866,81
867,101
868,137
869,51
870,190
871,88
872,166
873,85
874,50
875,39
876,156
877,182
878,193
879,31
880,182
881,54
882,150
883,92
884,167
885,161
886,93
887,20
888,88
889,18
890,80
891,152
892,84
893,110
894,161
895,161
896,27
897,44
898,30
899,36
900,25
901,143
902,44
903,18
904,182
905,132
906,110
907,167
908,84
909,126
910,81
911,19
912,24
913,39
914,125
915,31
916,74
917,95
918,150
919,147
920,160
921,112
922,143
923,6
924,158
925,108
926,49
927,49
928,161
929,53
930,1
931,13
932,51
933,167
934,112
935,135
936,136
937,146
938,135
939,124
940,58
941,73
942,35
943,126
944,22
945,35
946,146
947,94
948,107
949,41
950,83
951,132
952,61
953,164
954,180
955,198
956,181
957,171
958,70
959,179
960,191
961,73
962,27
963,107
964,32
965,186
966,133
967,161
968,136
969,29
970,85
971,166
972,187
973,92
974,101
975,197
976,26
977,167
978,14
979,38
980,31
981,110
982,90
983,42
984,137
985,111
986,31
987,114
988,95
989,186
990,45
991,172
992,153
993,96
994,112
995,194
996,172
997,119
998,54
999,62
1000,74
1001,19
1002,133
1003,42
1004,81
1005,32
1006,127
1007,96
1008,172
1009,193
1010,171
1011,3
1012,181
1013,137
1014,76
1015,170
1016,194
1017,48
1018,33
1019,38
1020,190
1021,194
1022,124
1023,2
1024,78
1025,49
1026,27
1027,38
1028,191
1029,26
1030,150
1031,90
1032,25
1033,80
1034,68
1035,179
1036,17
1037,48
1038,190
1039,113
1040,121
1041,50
1042,130
1043,103
1044,52
1045,162
1046,100
1047,10
1048,66
1049,151
1050,189
1051,35
1052,38
1053,50
1054,98
1055,102
1056,152
1057,57
1058,102
1059,189
1060,172
1061,7
1062,160
1063,197
1064,12
1065,164
1066,169
1067,147
1068,57
1069,179
1070,104
1071,1
1072,133
1073,171
1074,128
1075,106
1076,91
1077,173
1078,52
1079,152
1080,42
1081,120
1082,193
1083,91
1084,4
1085,106
1086,132
1087,86
1088,34
1089,10
1090,70
1091,26
1092,178
1093,139
1094,101
1095,199
1096,86
1097,53
1098,44
1099,60
1100,57
1101,154
1102,39
1103,71
1104,114
1105,148
1106,61
1107,27
1108,112
1109,113
1110,57
1111,123
1112,114
1113,12
1114,72
1115,175
1116,59
1117,19
1118,60
1119,172
1120,144
1121,112
1122,167
1123,62
1124,76
1125,5
1126,174
1127,37
1128,133
1129,194
1130,199
1131,110
1132,122
1133,12
1134,101
1135,195
1136,187
1137,100
1138,123
1139,75
1140,172
1141,171
1142,124
1143,182
1144,151
1145,159
1146,25
1147,136
1148,175
1149,31
1150,173
1151,106
1152,192
1153,186
1154,182
1155,162
1156,164
1157,69
1158,180
1159,29
1160,147
1161,14
1162,192
1163,107
1164,182
1165,9
1166,174
1167,168
1168,178
1169,124
1170,99
1171,117
1172,160
1173,101
1174,34
1175,112
1176,121
1177,28
1178,58
1179,61
1180,195
1181,116
1182,112
1183,190
1184,198
1185,92
1186,92
1187,72
1188,77
1189,87
1190,76
1191,169
1192,70
1193,150
1194,135
1195,8
1196,30
1197,164
1198,112
1199,101
1200,38
1201,124
1202,142
1203,133
1204,35
1205,162
1206,35
1207,15
1208,23
1209,164
1210,40
1211,18
1212,172
1213,49
1214,169
1215,149
1216,33
1217,158
1218,177
1219,174
1220,65
1221,45
1222,32
1223,91
1224,186
1225,79
1226,9
1227,171
1228,33
1229,70
1230,8
1231,15
1232,123
1233,135
1234,27
1235,70
1236,0
1237,65
1238,199
1239,20
1240,157
1241,21
1242,7
1243,179
1244,32
1245,104
1246,147
1247,97
1248,8
1249,193
1250,160
1251,22
1252,160
1253,85
1254,149
1255,51
1256,179
1257,187
1258,112
1259,90
1260,18
1261,42
1262,157
1263,80
1264,2
1265,95
1266,105
1267,31
1268,189
1269,85
1270,101
1271,189
1272,77
1273,49
1274,102
1275,194
1276,37
1277,143
1278,106
1279,182
1280,171
1281,97
1282,187
1283,116
1284,101
1285,99
1286,66
1287,130
1288,161
1289,68
1290,38
1291,189
1292,32
1293,94
1294,160
1295,77
1296,166
1297,198
1298,58
1299,7
1300,181
1301,123
1302,17
1303,114
1304,122
1305,148
1306,188
1307,15
1308,125
1309,74
1310,114
1311,128
1312,171
1313,6
1314,142
1315,119
1316,167
1317,35
1318,89
1319,140
1320,44
1321,66
1322,45
1323,49
1324,175
1325,106
1326,68
1327,183
1328,131
1329,154
1330,20
1331,27
1332,136
1333,130
1334,5
1335,42
1336,101
1337,62
1338,59
1339,100
1340,77
1341,131
1342,140
1343,29
1344,20
1345,17
1346,195
1347,137
1348,168
1349,94
1350,31
1351,48
1352,85
1353,160
1354,188
1355,24
1356,72
1357,80
1358,154
1359,15
1360,18
1361,24
1362,70
1363,195
1364,40
1365,162
1366,81
1367,192
1368,98
1369,184
1370,43
1371,137
1372,143
1373,20
1374,3
1375,60
1376,1
1377,78
1378,40
1379,121
1380,102
1381,74
1382,112
1383,132
1384,161
1385,53
1386,119
1387,125
1388,72
1389,105
1390,195
1391,9
1392,9
1393,75
1394,130
1395,80
1396,160
1397,60
1398,36
1399,31
1400,188
1401,119
1402,78
1403,128
1404,127
1405,14
1406,4
1407,11
1408,188
1409,176
1410,38
1411,79
1412,88
1413,87
1414,148
1415,97
1416,163
1417,97
1418,101
1419,51
1420,110
1421,193
1422,106
1423,36
1424,120
1425,2
1426,106
1427,82
1428,152
1429,126
1430,137
1431,15
1432,70
1433,145
1434,187
1435,101
1436,72
1437,51
1438,184
1439,185
1440,169
1441,126
1442,82
1443,182
1444,39
1445,183
1446,20
1447,130
1448,88
1449,110
1450,48
1451,87
1452,108
1453,29
1454,136
1455,12
1456,50
1457,41
1458,143
1459,136
1460,156
1461,53
1462,104
1463,108
1464,144
1465,85
1466,112
1467,47
1468,14
1469,156
1470,178
1471,142
1472,98
1473,153
1474,75
1475,73
1476,22
1477,83
1478,198
1479,187
1480,72
1481,117
1482,198
1483,35
1484,190
1485,191
1486,101
1487,22
1488,35
1489,152
1490,147
1491,80
1492,162
1493,193
1494,22
1495,192
1496,35
1497,63
1498,38
1499,128
1500,177
1501,115
1502,73
1503,84
1504,181
1505,39
1506,73
1507,31
1508,112
1509,14
1510,106
1511,77
1512,8
1513,112
1514,125
1515,198
1516,167
1517,51
1518,0
1519,163
1520,187
1521,30
1522,197
1523,126
1524,133
1525,99
1526,147
1527,122
1528,197
1529,188
1530,117
1531,161
1532,31
1533,160
1534,184
1535,118
1536,35
1537,99
1538,80
1539,40
1540,158
1541,82
1542,164
1543,39
1544,104
1545,93
1546,123
1547,34
1548,166
1549,179
1550,111
1551,29
1552,24
1553,141
1554,63
1555,176
1556,62
1557,33
1558,58
1559,78
1560,192
1561,113
1562,53
1563,15
1564,3
1565,50
1566,33
1567,44
1568,171
1569,105
1570,187
1571,167
1572,0
1573,143
1574,171
1575,18
1576,133
1577,7
1578,75
1579,194
1580,186
1581,180
1582,45
1583,72
1584,28
1585,195
1586,72
1587,42
1588,31
1589,186
1590,91
1591,81
1592,112
1593,72
1594,113
1595,175
1596,12
1597,190
1598,36
1599,119
1600,106
1601,45
1602,38
1603,181
1604,145
1605,147
1606,43
1607,28
1608,53
1609,27
1610,92
1611,29
1612,100
1613,59
1614,61
1615,114
1616,101
1617,158
1618,96
1619,140
1620,55
1621,18
1622,10
1623,96
1624,44
1625,162
1626,45
1627,127
1628,97
1629,146
1630,162
1631,187
1632,126
1633,55
1634,184
1635,171
1636,187
1637,108
1638,54
1639,137
1640,6
1641,44
1642,197
1643,35
1644,73
1645,137
1646,150
1647,125
1648,130
1649,167
1650,82
1651,108
1652,120
1653,132
1654,150
1655,22
1656,19
1657,1
1658,140
1659,90
1660,47
1661,189
1662,96
1663,148
1664,173
1665,64
1666,84
1667,130
1668,156
1669,140
1670,68
1671,104
1672,35
1673,140
1674,75
1675,37
1676,164
1677,58
1678,189
1679,172
1680,162
1681,27
1682,21
1683,162
1684,95
1685,198
1686,182
1687,169
1688,27
1689,136
1690,49
1691,74
1692,144
1693,167
1694,75
1695,189
1696,182
1697,48
1698,90
1699,160
1700,20
1701,130
1702,73
1703,2
1704,181
1705,176
1706,35
1707,186
1708,149
1709,73
1710,93
1711,66
1712,1
1713,95
1714,82
1715,175
1716,52
1717,3
1718,5
1719,172
1720,96
1721,89
1722,190
1723,2
1724,123
1725,70
1726,74
1727,113
1728,119
1729,109
1730,49
1731,52
1732,74
1733,185
1734,185
1735,62
1736,112
1737,115
1738,111
1739,0
1740,58
1741,86
1742,110
1743,9
1744,26
1745,49
1746,96
1747,48
1748,109
1749,2
1750,123
1751,191
1752,27
1753,151
1754,88
1755,147
1756,192
1757,190
1758,178
1759,186
1760,67
1761,148
1762,57
1763,199
1764,105
1765,94
1766,106
1767,28
1768,187
1769,97
1770,66
1771,83
1772,144
1773,171
1774,150
1775,109
1776,81
1777,27
1778,85
1779,195
1780,10
1781,168
1782,169
1783,126
1784,71
1785,128
1786,3
1787,183
1788,52
1789,61
1790,128
1791,38
1792,137
1793,53
1794,45
1795,71
1796,192
1797,29
1798,0
1799,179
1800,17
1801,160
1802,185
1803,87
1804,11
1805,58
1806,27
1807,85
1808,88
1809,9
1810,173
1811,106
1812,37
1813,116
1814,48
1815,92
1816,153
1817,91
1818,127
1819,35
1820,145
1821,166
1822,31
1823,171
1824,158
1825,112
1826,9
1827,162
1828,144
1829,135
1830,30
1831,74
1832,42
1833,80
1834,16
1835,70
1836,152
1837,153
1838,43
1839,31
1840,39
1841,176
1842,142
1843,185
1844,89
1845,74
1846,122
1847,126
1848,155
1849,34
1850,47
1851,143
1852,161
1853,187
1854,137
1855,144
1856,163
1857,140
1858,123
1859,75
1860,101
1861,16
1862,26
1863,191
1864,113
1865,140
1866,80
1867,52
1868,0
1869,178
1870,147
1871,101
1872,85
1873,90
1874,76
1875,153
1876,138
1877,32
1878,13
1879,133
1880,182
1881,190
1882,30
1883,67
1884,182
1885,29
1886,13
1887,178
1888,143
1889,52
1890,176
1891,115
1892,161
1893,31
1894,130
1895,191
1896,12
1897,2
1898,24
1899,197
1900,139
1901,156
1902,40
1903,166
1904,103
1905,133
1906,176
1907,88
1908,140
1909,52
1910,142
1911,2
1912,49
1913,76
1914,132
1915,22
1916,28
1917,58
1918,108
1919,197
1920,130
1921,134
1922,113
1923,190
1924,81
1925,110
1926,53
1927,6
1928,137
1929,110
1930,185
1931,173
1932,138
1933,119
1934,136
1935,152
1936,29
1937,30
1938,69
1939,84
1940,113
1941,54
1942,142
1943,140
1944,158
1945,38
1946,158
1947,0
1948,35
1949,34
1950,93
1951,63
1952,96
1953,152
1954,118
1955,195
1956,32
1957,87
1958,161
1959,184
1960,119
1961,65
1962,108
1963,2
1964,89
1965,134
1966,190
1967,54
1968,154
1969,185
1970,141
1971,94
1972,71
1973,16
1974,182
1975,148
1976,149
1977,45
1978,40
1979,3
1980,126
1981,40
1982,175
1983,92
1984,155
1985,65
1986,184
1987,69
1988,35
1989,182
1990,133
1991,96
1992,40
1993,21
1994,153
1995,92
1996,161
1997,141
1998,187
1999,34
2000,156
2001,73
2002,122
2003,84
2004,21
2005,47
2006,172
2007,19
2008,110
2009,97
2010,112
2011,84
2012,157
2013,118
2014,116
2015,118
2016,44
2017,177
2018,95
2019,65
2020,38
2021,140
2022,28
2023,58
2024,6
2025,90
2026,146
2027,33
2028,79
2029,89
2030,52
2031,120
2032,183
2033,50
2034,52
2035,140
2036,158
2037,105
2038,188
2039,144
2040,183
2041,196
2042,66
2043,0
2044,193
2045,78
2046,30
2047,196
2048,167
2049,182
2050,27
2051,85
2052,142
2053,135
2054,115
2055,151
2056,183
2057,72
2058,89
2059,152
2060,140
2061,196
2062,192
2063,95
2064,98
2065,160
2066,193
2067,91
2068,196
2069,11
2070,171
2071,123
2072,149
2073,91
2074,179
2075,149
2076,153
2077,119
2078,102
2079,50
2080,119
2081,151
2082,168
2083,139
2084,110
2085,42
2086,139
2087,53
2088,191
2089,59
2090,22
2091,45
2092,44
2093,82
2094,160
2095,14
2096,81
2097,75
2098,117
2099,69
2100,153
2101,182
2102,133
2103,52
2104,77
2105,161
2106,132
2107,94
2108,34
2109,166
2110,59
2111,136
2112,3
2113,77
2114,48
2115,16
2116,137
2117,45
2118,158
2119,13
2120,90
2121,27
2122,27
2123,74
2124,9
2125,150
2126,112
2127,84
2128,154
2129,25
2130,119
2131,43
2132,136
2133,149
2134,4
2135,198
2136,52
2137,145
2138,49
2139,195
2140,27
2141,76
2142,155
2143,167
2144,29
2145,192
2146,191
2147,99
2148,34
2149,65
2150,153
2151,124
2152,157
2153,89
2154,103
2155,22
2156,167
2157,8
2158,151
2159,58
2160,186
2161,58
2162,13
2163,38
2164,118
2165,155
2166,38
2167,82
2168,87
2169,199
2170,11
2171,143
2172,78
2173,153
2174,115
2175,52
2176,8
2177,126
2178,79
2179,130
2180,152
2181,101
2182,191
2183,112
2184,65
2185,122
2186,135
2187,99
2188,13
2189,14
2190,122
2191,185
2192,149
2193,157
2194,148
2195,128
2196,143
2197,112
2198,4
2199,21
2200,183
2201,155
2202,142
2203,9
2204,51
2205,179
2206,135
2207,166
2208,8
2209,118
2210,68
2211,18
2212,85
2213,193
2214,196
2215,8
2216,37
2217,159
2218,62
2219,60
2220,161
2221,136
2222,77
2223,107
2224,165
2225,112
2226,102
2227,10
2228,114
2229,39
2230,77
2231,153
2232,68
2233,3
2234,60
2235,193
2236,80
2237,188
2238,73
2239,160
2240,113
2241,117
2242,122
2243,33
2244,88
2245,80
2246,11
2247,150
2248,89
2249,48
2250,37
2251,33
2252,29
2253,195
2254,69
2255,182
2256,132
2257,92
2258,55
2259,39
2260,5
2261,171
2262,9
2263,48
2264,91
2265,171
2266,108
2267,186
2268,127
2269,112
2270,115
2271,42
2272,68
2273,137
2274,3
2275,185
2276,116
2277,180
2278,191
2279,44
2280,27
2281,53
2282,35
2283,11
2284,96
2285,85
2286,113
2287,143
2288,14
2289,126
2290,124
2291,150
2292,73
2293,96
2294,185
2295,114
2296,45
2297,117
2298,78
2299,105
2300,198
2301,183
2302,93
2303,193
2304,128
2305,169
2306,56
2307,149
2308,1
2309,88
2310,10
2311,175
2312,37
2313,49
2314,154
2315,55
2316,68
2317,194
2318,20
2319,132
2320,133
2321,82
2322,142
2323,44
2324,198
2325,149
2326,166
2327,185
2328,112
2329,22
2330,116
2331,167
2332,69
2333,27
2334,4
2335,113
2336,195
2337,13
2338,177
2339,193
2340,91
2341,38
2342,39
2343,194
2344,161
2345,22
2346,84
2347,135
2348,110
2349,113
2350,149
2351,48
2352,175
2353,147
2354,73
2355,144
2356,113
2357,115
2358,8
2359,85
2360,69
2361,175
2362,66
2363,196
2364,13
2365,132
2366,116
2367,133
2368,176
2369,7
2370,140
2371,126
2372,100
2373,100
2374,114
2375,29
2376,62
2377,152
2378,148
2379,106
2380,143
2381,124
2382,56
2383,123
2384,38
2385,184
2386,158
2387,119
2388,171
2389,149
2390,9
2391,198
2392,127
2393,90
2394,121
2395,161
2396,40
2397,87
2398,85
2399,29
2400,128
2401,72
2402,7
2403,85
2404,74
2405,152
2406,150
2407,130
2408,80
2409,22
2410,112
2411,69
2412,152
2413,124
2414,88
2415,118
2416,29
2417,27
2418,36
2419,54
2420,11
2421,139
2422,100
2423,35
2424,156
2425,101
2426,45
2427,199
2428,126
2429,158
2430,4
2431,150
2432,186
2433,198
2434,161
2435,196
2436,92
2437,185
2438,75
2439,132
2440,85
2441,25
2442,54
2443,16
2444,168
2445,164
2446,3
2447,50
2448,49
2449,194
2450,185
2451,171
2452,24
2453,112
2454,191
2455,176
2456,119
2457,30
2458,100
2459,77
2460,157
2461,40
2462,54
2463,169
2464,67
2465,82
2466,7
2467,49
2468,42
2469,40
2470,105
2471,49
2472,38
2473,59
2474,143
2475,27
2476,85
2477,113
2478,15
2479,171
2480,36
2481,4
2482,186
2483,22
2484,119
2485,194
2486,13
2487,144
2488,148
2489,187
2490,113
2491,175
2492,165
2493,105
2494,188
2495,101
2496,74
2497,36
2498,50
2499,0
2500,8
2501,124
2502,165
2503,48
2504,156
2505,31
2506,93
2507,163
2508,88
2509,109
2510,11
2511,185
2512,149
2513,80
2514,143
2515,78
2516,108
2517,58
2518,175
2519,29
2520,185
2521,171
2522,85
2523,125
2524,179
2525,44
2526,96
2527,98
2528,118
2529,166
2530,148
2531,61
2532,186
2533,98
2534,12
2535,100
2536,134
2537,177
2538,60
2539,159
2540,130
2541,162
2542,118
2543,130
2544,154
2545,133
2546,37
2547,164
2548,48
2549,114
2550,143
2551,115
2552,99
2553,82
2554,72
2555,167
2556,37
2557,183
2558,193
2559,76
2560,12
2561,92
2562,0
2563,18
2564,74
2565,179
2566,96
2567,149
2568,2
2569,170
2570,26
2571,138
2572,189
2573,126
2574,148
2575,165
2576,26
2577,84
2578,117
2579,92
2580,47
2581,65
2582,84
2583,125
2584,72
2585,48
2586,167
2587,75
2588,162
2589,55
2590,96
2591,117
2592,22
2593,65
2594,85
2595,95
2596,165
2597,51
2598,185
2599,155
2600,62
2601,49
2602,79
2603,164
2604,190
2605,116
2606,65
2607,169
2608,85
2609,52
2610,136
2611,63
2612,196
2613,194
2614,173
2615,162
2616,112
2617,160
2618,57
2619,160
2620,73
2621,65
2622,29
2623,38
2624,14
2625,35
2626,150
2627,21
2628,86
2629,95
2630,87
2631,153
2632,20
2633,160
2634,48
2635,155
2636,125
2637,101
2638,151
2639,28
2640,193
2641,78
2642,45
2643,106
2644,1
2645,179
2646,91
2647,50
2648,155
2649,2
2650,42
2651,176
2652,39
2653,42
2654,137
2655,57
2656,111
2657,88
2658,155
2659,161
2660,191
2661,130
2662,6
2663,146
2664,110
2665,40
2666,151
2667,6
2668,43
2669,159
2670,45
2671,47
2672,124
2673,135
2674,46
2675,187
2676,170
2677,176
2678,102
2679,93
2680,187
2681,95
2682,13
2683,137
2684,125
2685,133
2686,131
2687,120
2688,31
2689,98
2690,191
2691,140
2692,125
2693,190
2694,45
2695,197
2696,65
2697,146
2698,15
2699,106
2700,13
2701,158
2702,97
2703,104
2704,45
2705,195
2706,97
2707,150
2708,28
2709,6
2710,99
2711,171
2712,74
2713,28
2714,2
2715,158
2716,106
2717,119
2718,32
2719,69
2720,40
2721,70
2722,38
2723,174
2724,92
2725,72
2726,134
2727,93
2728,102
2729,35
2730,102
2731,191
2732,105
2733,98
2734,197
2735,171
2736,72
2737,26
2738,148
2739,165
2740,58
2741,169
2742,89
2743,199
2744,27
2745,10
2746,107
2747,27
2748,22
2749,5
2750,65
2751,55
2752,163
2753,37
2754,88
2755,106
2756,160
2757,130
2758,46
2759,32
2760,82
2761,65
2762,43
2763,174
2764,70
2765,33
2766,179
2767,193
2768,82
2769,73
2770,199
2771,18
2772,155
2773,189
2774,22
2775,22
2776,2
2777,194
2778,5
2779,69
2780,155
2781,137
2782,157
2783,27
2784,77
2785,155
2786,38
2787,104
2788,113
2789,156
2790,190
2791,125
2792,99
2793,82
2794,173
2795,113
2796,189
2797,38
2798,43
2799,185
2800,118
2801,39
2802,47
2803,182
2804,41
2805,11
2806,141
2807,172
2808,15
2809,4
2810,162
2811,13
2812,160
2813,23
2814,191
2815,110
2816,147
2817,103
2818,61
2819,71
2820,126
2821,92
2822,103
2823,50
2824,198
2825,17
2826,95
2827,71
2828,60
2829,87
2830,85
2831,165
2832,152
2833,74
2834,8
2835,102
2836,112
2837,173
2838,112
2839,69
2840,163
2841,71
2842,190
2843,40
2844,57
2845,109
2846,23
2847,48
2848,71
2849,133
2850,74
2851,179
2852,100
2853,198
2854,149
2855,33
2856,85
2857,106
2858,143
2859,182
2860,140
2861,179
2862,185
2863,81
2864,163
2865,69
2866,93
2867,41
2868,100
2869,89
2870,35
2871,162
2872,113
2873,56
2874,165
2875,95
2876,182
2877,28
2878,44
2879,196
2880,114
2881,41
2882,97
2883,30
2884,108
2885,6
2886,126
2887,20
2888,196
2889,107
2890,57
2891,157
2892,162
2893,22
2894,3
2895,178
2896,133
2897,126
2898,181
2899,172
2900,28
2901,186
2902,27
2903,11
2904,198
2905,144
2906,140
2907,24
2908,114
2909,1
2910,167
2911,124
2912,40
2913,137
2914,191
2915,39
2916,143
2917,117
2918,68
2919,198
2920,186
2921,52
2922,4
2923,68
2924,103
2925,78
2926,49
2927,42
2928,18
2929,57
2930,187
2931,61
2932,39
2933,74
2934,107
2935,149
2936,136
2937,139
2938,44
2939,110
2940,47
2941,60
2942,152
2943,166
2944,92
2945,196
2946,93
2947,182
2948,39
2949,53
2950,103
2951,65
2952,161
2953,153
2954,44
2955,30
2956,188
2957,47
2958,126
2959,43
2960,189
2961,111
2962,19
2963,176
2964,173
2965,153
2966,38
2967,27
2968,184
2969,77
2970,83
2971,162
2972,18
2973,88
2974,153
2975,42
2976,188
2977,186
2978,52
2979,132
2980,26
2981,149
2982,20
2983,10
2984,140
2985,92
2986,111
2987,175
2988,187
2989,98
2990,73
2991,70
2992,3
2993,117
2994,78
2995,167
2996,63
2997,161
2998,34
2999,120
3000,48
3001,114
3002,57
3003,84
3004,135
3005,69
3006,109
3007,162
3008,95
3009,180
3010,172
3011,17
3012,90
3013,178
3014,37
3015,51
3016,99
3017,124
3018,62
3019,74
3020,114
3021,76
3022,81
3023,51
3024,48
3025,164
3026,96
3027,30
3028,93
3029,30
3030,105
3031,40
3032,13
